<DebugDiag IncludeExceptionSummary="TRUE" MaxClrExceptionDetailsPerSecond="30" MaxClrExceptionStacksPerSecond="20" 
           MaxClrExceptionStacksPerExceptionType="10" MaxClrExceptionStacksTotal="100" MaxNativeExceptionStacksPerSecond="30">
  <Rules>
    <Rule TargetType="PROCESS" TargetName="$processname" UFEActionType="" UFEActionLimit="0" MaxDumpLimit="$maxdump"
      MatchingLeakRuleKey="" PageheapType="" RuleType="CRASH" Active="FALSE" 
      RuleName="Tag rule for all instances of $processname_tag_$tag" 
      DumpPath="$path\Tag rule for all instances of $processname_tag_$tag">
      <Exceptions/>
      <Events/>
      <Breakpoints>
        <Breakpoint OffsetExpression="Microsoft_Office_Server_Native!ULSSendFormattedTrace" IsManaged="False"
                    ActionLimit="0" ActionType="CUSTOM">
          <CustomAction>
            <![CDATA[Dim Tag1
Dim TargetTag1
TargetTag1 = "$tag" 'Replace it by your desired ULS Tag
Dim PartialText1
PartialText1 = "$message" 'Replace it by part of the message in ULS Logs or make it "" for all messages
Tag1 = Debugger.Execute("r @$t1=@ecx;.if (@$t1 >> 18 < 24) { r @$t2=@$t1>>18 & 3f; r @$t3=@$t1>>12 & 3f; r@$t4=@$t1>>0c & 3f; r @$t5=@$t1>>6 & 3f;r @$t6=@$t1 & 3f;.printf ""%C%C%C%C%C"",@@c++(@$t2 > 0x19 ? @$t2 + 0x16 : @$t2+'a'),@@c++(@$t3 > 0x19 ? @$t3 + 0x16 : @$t3+'a'),@@c++(@$t4 > 0x19 ? @$t4 + 0x16 : @$t4+'a'),@@c++(@$t5 > 0x19 ? @$t5 + 0x16 : @$t5+'a'),@@c++(@$t6 > 0x19 ? @$t6 + 0x16 : @$t6+'a');} .else { .printf ""%C%C%C%C"", @$t1>>18,@$t1>>10,@$t1>>8,@$t1; };")
$nologWriteToLog "Tag: " & Tag1 'To avoid DebugDiag log flood comment you may remove this line
' Test if the tag matches
If InStr(Tag1,TargetTag1)>0 Then
'Only fetch message if necessary
Dim Message1
Message1 = ""
If PartialText1 <> "" Then
Message1 = Debugger.Execute(".printf ""%mu"",@r9")
'WriteToLog "Message: " & Message1 'Uncomment this line if you wish to log the message
End If
If Message1 = "" Or InStr(Message1,PartialText1) > 0 Then
' You can change the action to log the stack trace for example
$nodumpCreateDump "For_Tag_" & Tag1, false
WriteToLog "Tag: " & Tag1 
$nostackWriteToLog Debugger.Execute("!clrstack")
$nocommandWriteToLog Debugger.Execute("$command")
End If
End If
]]>
          </CustomAction>
        </Breakpoint>
        <Breakpoint OffsetExpression="onetnative!ULSSendFormattedTrace" IsManaged="False" ActionLimit="0" ActionType="CUSTOM">
          <CustomAction>
            <![CDATA[
Dim Tag2
Dim TargetTag2
TargetTag2 = "$tag" 'Replace it by your desired ULS Tag
Dim PartialText2
PartialText2 = "$message" 'Replace it by part of the message in ULS Logs or make it "" for all messages
Tag2 = Debugger.Execute("r @$t1=@ecx;.if (@$t1 >> 18 < 24) { r @$t2=@$t1>>18 & 3f; r @$t3=@$t1>>12 & 3f; r@$t4=@$t1>>0c & 3f; r @$t5=@$t1>>6 & 3f;r @$t6=@$t1 & 3f;.printf ""%C%C%C%C%C"",@@c++(@$t2 > 0x19 ? @$t2 + 0x16 : @$t2+'a'),@@c++(@$t3 > 0x19 ? @$t3 + 0x16 : @$t3+'a'),@@c++(@$t4 > 0x19 ? @$t4 + 0x16 : @$t4+'a'),@@c++(@$t5 > 0x19 ? @$t5 + 0x16 : @$t5+'a'),@@c++(@$t6 > 0x19 ? @$t6 + 0x16 : @$t6+'a');} .else { .printf ""%C%C%C%C"", @$t1>>18,@$t1>>10,@$t1>>8,@$t1; };")
$nologWriteToLog "Tag: " & Tag2 'To avoid DebugDiag log flood comment you may remove this line
' Test if the tag matches
If InStr(Tag2,TargetTag2)>0 Then
'Only fetch message if necessary
Dim Message2
Message2 = ""
If PartialText2 <> "" Then
Message2 = Debugger.Execute(".printf ""%mu"",@r9")
'WriteToLog "Message: " & Message1 'Uncomment this line if you wish to log the message
End If
If Message2 = "" Or InStr(Message2,PartialText2) > 0 Then
' You can change the action to log the stack trace for example
$nodumpCreateDump "For_Tag_" & Tag2, false
WriteToLog "Tag: " & Tag2
$nostackWriteToLog Debugger.Execute("!clrstack")
$nocommandWriteToLog Debugger.Execute("$command")
End If
End If
]]>
          </CustomAction>
        </Breakpoint>
      </Breakpoints>
    </Rule>
  </Rules>
</DebugDiag>
